-- users

INSERT INTO users (user_name, user_nickname, profile_content, profile_image_url, brix)
VALUES
    ('김준영', '쭌영이', '안녕하세요! 쭌영입니다.', 'https://example.com/images/user1.jpg', 99),
    ('이옥순', 'oksunny', '매일 햇살처럼 밝은 옥순이에요.', 'https://example.com/images/user2.jpg', 100),
    ('백하은', 'haeun짱', '여행을 좋아하는 하은이에요!', 'https://example.com/images/user3.jpg', 52),
    ('최도현', '도현CHOI', '커피와 책을 사랑합니다.', 'https://example.com/images/user4.jpg', 73),
    ('김정수', 'kimjs', '백엔드 개발자 김정수입니다.', 'https://example.com/images/user5.jpg', 58),
    ('허정순', '정순언니', '반갑습니다~ 정순언니에요.', 'https://example.com/images/user6.jpg', 75),
    ('최영수', '영수형', '영수형 왔어요~', 'https://example.com/images/user7.jpg', 59),
    ('최영호', 'youngHO', '조용한 관찰자.', 'https://example.com/images/user8.jpg', 84),
    ('주경자', '경자누나', '요리하는 걸 좋아해요!', 'https://example.com/images/user9.jpg', 79),
    ('이지민', 'jiminLEE', 'IT에 관심 많은 학생입니다.', 'https://example.com/images/user10.jpg', 60),
    ('안영자', '영자a', '편하게 말 걸어주세요~', 'https://example.com/images/user11.jpg', 77),
    ('김옥순', 'oksoon이모', '손맛 좋은 이모 스타일!', 'https://example.com/images/user12.jpg', 71),
    ('이선영', 'sunyoung_이', '취미는 사진 찍기입니다.', 'https://example.com/images/user13.jpg', 79),
    ('이영자', 'young자', '하루하루가 선물이에요.', 'https://example.com/images/user14.jpg', 51),
    ('차중수', '중수형님', '운동 좋아합니다!', 'https://example.com/images/user15.jpg', 98),
    ('최영수', 'YS최', '다시 돌아온 영수입니다.', 'https://example.com/images/user16.jpg', 75),
    ('강재호', 'jae호', '여행과 사진을 좋아해요.', 'https://example.com/images/user17.jpg', 97),
    ('이우진', '우진woo', '음악을 듣는 걸 좋아해요.', 'https://example.com/images/user18.jpg', 83),
    ('엄준서', 'junseo엄', '게임과 코딩을 사랑합니다.', 'https://example.com/images/user19.jpg', 76),
    ('이수빈', '수빈이s', '다양한 사람들과 소통하고 싶어요.', 'https://example.com/images/user20.jpg', 65),
    ('이영철', '영철lee', '오늘도 힘차게!', 'https://example.com/images/user21.jpg', 80),
    ('김광수', '광수광', '운동 마니아입니다.', 'https://example.com/images/user22.jpg', 91),
    ('김정식', '정식쌤', '학생들을 가르치는 일을 합니다.', 'https://example.com/images/user23.jpg', 68),
    ('김영진', 'young진', '평범하지만 특별한 하루하루', 'https://example.com/images/user24.jpg', 56),
    ('김영숙', '숙이sook', '뜨개질이 취미예요.', 'https://example.com/images/user25.jpg', 93),
    ('최순옥', '순옥최', '전통 요리 연구 중입니다.', 'https://example.com/images/user26.jpg', 83),
    ('박미숙', '미숙84', '고양이 집사입니다.', 'https://example.com/images/user27.jpg', 77),
    ('김은영', '은영킴', '음악과 함께하는 삶.', 'https://example.com/images/user28.jpg', 88),
    ('이순옥', 'soonOK', '글 쓰는 걸 좋아해요.', 'https://example.com/images/user29.jpg', 92),
    ('김시우', 'siwoo99', '운동하고 공부하고!', 'https://example.com/images/user30.jpg', 98);

-- category

INSERT INTO category (category_id, category_name, parent_id)
VALUES
    (1, '케이스', NULL),
    (2, '스위치', NULL),
    (3, '키캡', NULL),
    (4, 'PCB', NULL),
    (5, '플레이트', NULL),
    (6, '스테빌라이저', NULL),
    (7, '폼', NULL),
    (8, '60%', 1),
    (9, '65%', 1),
    (10, '75%', 1),
    (11, '80%', 1),
    (12, '100%', 1),
    (13, '기타 케이스', 1),
    (14, '리니어', 2),
    (15, '택타일', 2),
    (16, '저소음', 2),
    (17, '자석식', 2),
    (18, '이중사출', 3),
    (19, '염료승화', 3),
    (20, '아티산', 3),
    (21, '기타 키캡', 3),
    (22, 'PCB 마운트', 6),
    (23, '플레이트 마운트', 6);


-- products

INSERT INTO products (product_name, price, category_id)

VALUES ('SeaGreen sequi 키보드', 80148, 12),
       ('Pink maxime 키보드', 424240, 14),
       ('Cyan eveniet 키보드', 215361, 15),
       ('Peru doloribus 키보드', 447738, 3),
       ('GhostWhite beatae 키보드', 226277, 13),
       ('PowderBlue laborum 키보드', 243627, 5),
       ('MediumVioletRed laboriosam 키보드', 350751, 10),
       ('DarkGray vel 키보드', 369024, 13),
       ('Orchid dolorem 키보드', 125718, 9),
       ('Fuchsia veniam 키보드', 53730, 4),
       ('LightGray consequuntur 키보드', 486326, 11),
       ('PaleVioletRed facilis 키보드', 157128, 3),
       ('BlueViolet neque 키보드', 489561, 11),
       ('MintCream autem 키보드', 394917, 6),
       ('Aquamarine harum 키보드', 153340, 2),
       ('OrangeRed earum 키보드', 271262, 12),
       ('LavenderBlush facilis 키보드', 447322, 3),
       ('OrangeRed placeat 키보드', 391199, 10),
       ('DarkSalmon quis 키보드', 415308, 14),
       ('Ivory quidem 키보드', 128504, 14),
       ('DarkSlateGray laboriosam 키보드', 376258, 5),
       ('HotPink consequuntur 키보드', 100648, 15),
       ('FireBrick explicabo 키보드', 85373, 7),
       ('DarkSalmon et 키보드', 117337, 12),
       ('Maroon culpa 키보드', 51280, 6),
       ('LightCyan omnis 키보드', 106806, 9),
       ('MediumAquaMarine repellat 키보드', 463964, 8),
       ('Blue possimus 키보드', 400258, 5),
       ('Fuchsia ipsam 키보드', 146791, 5),
       ('RoyalBlue dolor 키보드', 455286, 6),
       ('SeaShell doloremque 키보드', 307424, 5),
       ('MediumSpringGreen dolorem 키보드', 434638, 7),
       ('MidnightBlue provident 키보드', 498057, 5),
       ('LightBlue placeat 키보드', 409074, 10),
       ('MediumVioletRed laudantium 키보드', 454012, 11),
       ('PaleGoldenRod qui 키보드', 376614, 12),
       ('Fuchsia vitae 키보드', 184567, 5),
       ('Magenta deserunt 키보드', 177954, 3),
       ('PowderBlue dicta 키보드', 483298, 2),
       ('Black repellat 키보드', 25398, 7),
       ('GhostWhite autem 키보드', 114633, 4),
       ('DarkMagenta praesentium 키보드', 258381, 5),
       ('Silver natus 키보드', 453990, 2),
       ('RosyBrown eum 키보드', 120541, 9),
       ('Pink labore 키보드', 26849, 7),
       ('Plum optio 키보드', 312033, 10),
       ('Aquamarine numquam 키보드', 179258, 13),
       ('MidnightBlue temporibus 키보드', 402471, 8),
       ('AntiqueWhite natus 키보드', 264848, 11),
       ('LightPink amet 키보드', 122070, 14),
       ('Coral molestiae 키보드', 485901, 11),
       ('DimGray quibusdam 키보드', 298648, 6),
       ('BlanchedAlmond ad 키보드', 80931, 14),
       ('NavajoWhite sunt 키보드', 326340, 8),
       ('GhostWhite cum 키보드', 296907, 3),
       ('BurlyWood neque 키보드', 73714, 4),
       ('GhostWhite reiciendis 키보드', 249364, 10),
       ('Gray animi 키보드', 487097, 7),
       ('Fuchsia ducimus 키보드', 170842, 4),
       ('RosyBrown architecto 키보드', 29246, 9),
       ('Green libero 키보드', 288147, 11),
       ('BurlyWood deleniti 키보드', 479460, 5),
       ('DarkCyan cum 키보드', 436217, 7),
       ('PaleTurquoise inventore 키보드', 27192, 2),
       ('MediumSpringGreen molestias 키보드', 146981, 11),
       ('Black atque 키보드', 388584, 7),
       ('SteelBlue repellendus 키보드', 457392, 9),
       ('MediumSpringGreen minima 키보드', 266082, 3),
       ('Navy beatae 키보드', 272140, 6),
       ('Teal vero 키보드', 33811, 14),
       ('DarkTurquoise eveniet 키보드', 128897, 6),
       ('YellowGreen similique 키보드', 449022, 8),
       ('DarkViolet tempora 키보드', 149417, 12),
       ('PaleTurquoise quos 키보드', 273239, 2),
       ('Violet nisi 키보드', 60252, 12),
       ('Magenta error 키보드', 317473, 7),
       ('HoneyDew mollitia 키보드', 361150, 12),
       ('Turquoise voluptatibus 키보드', 499721, 3),
       ('MediumTurquoise maiores 키보드', 34766, 8),
       ('Orchid sit 키보드', 116939, 8),
       ('DimGray magnam 키보드', 185618, 8),
       ('HotPink amet 키보드', 390954, 2),
       ('Red quibusdam 키보드', 433029, 6),
       ('PaleTurquoise eum 키보드', 282994, 9),
       ('DarkSalmon esse 키보드', 212427, 13),
       ('GreenYellow cumque 키보드', 34421, 12),
       ('Chocolate unde 키보드', 195074, 14),
       ('DodgerBlue inventore 키보드', 158465, 15),
       ('SlateBlue numquam 키보드', 414512, 11),
       ('LightSkyBlue necessitatibus 키보드', 203253, 14),
       ('LightGoldenRodYellow placeat 키보드', 255678, 13),
       ('OliveDrab id 키보드', 357612, 10),
       ('MediumVioletRed possimus 키보드', 463322, 9),
       ('RosyBrown repudiandae 키보드', 300139, 13),
       ('Wheat totam 키보드', 460107, 9),
       ('IndianRed praesentium 키보드', 27566, 10),
       ('Teal ut 키보드', 136816, 5),
       ('RoyalBlue nostrum 키보드', 196897, 12),
       ('Linen dolore 키보드', 33919, 14),
       ('Gray numquam 키보드', 56606, 5);

-- product_images

INSERT INTO product_images (product_id, image_url, is_main, display_order)

VALUES (1, 'https://img.com/product_1.jpg', TRUE, 1),
       (2, 'https://img.com/product_2.jpg', TRUE, 1),
       (3, 'https://img.com/product_3.jpg', TRUE, 1),
       (4, 'https://img.com/product_4.jpg', TRUE, 1),
       (5, 'https://img.com/product_5.jpg', TRUE, 1),
       (6, 'https://img.com/product_6.jpg', TRUE, 1),
       (7, 'https://img.com/product_7.jpg', TRUE, 1),
       (8, 'https://img.com/product_8.jpg', TRUE, 1),
       (9, 'https://img.com/product_9.jpg', TRUE, 1),
       (10, 'https://img.com/product_10.jpg', TRUE, 1),
       (11, 'https://img.com/product_11.jpg', TRUE, 1),
       (12, 'https://img.com/product_12.jpg', TRUE, 1),
       (13, 'https://img.com/product_13.jpg', TRUE, 1),
       (14, 'https://img.com/product_14.jpg', TRUE, 1),
       (15, 'https://img.com/product_15.jpg', TRUE, 1),
       (16, 'https://img.com/product_16.jpg', TRUE, 1),
       (17, 'https://img.com/product_17.jpg', TRUE, 1),
       (18, 'https://img.com/product_18.jpg', TRUE, 1),
       (19, 'https://img.com/product_19.jpg', TRUE, 1),
       (20, 'https://img.com/product_20.jpg', TRUE, 1),
       (21, 'https://img.com/product_21.jpg', TRUE, 1),
       (22, 'https://img.com/product_22.jpg', TRUE, 1),
       (23, 'https://img.com/product_23.jpg', TRUE, 1),
       (24, 'https://img.com/product_24.jpg', TRUE, 1),
       (25, 'https://img.com/product_25.jpg', TRUE, 1),
       (26, 'https://img.com/product_26.jpg', TRUE, 1),
       (27, 'https://img.com/product_27.jpg', TRUE, 1),
       (28, 'https://img.com/product_28.jpg', TRUE, 1),
       (29, 'https://img.com/product_29.jpg', TRUE, 1),
       (30, 'https://img.com/product_30.jpg', TRUE, 1),
       (31, 'https://img.com/product_31.jpg', TRUE, 1),
       (32, 'https://img.com/product_32.jpg', TRUE, 1),
       (33, 'https://img.com/product_33.jpg', TRUE, 1),
       (34, 'https://img.com/product_34.jpg', TRUE, 1),
       (35, 'https://img.com/product_35.jpg', TRUE, 1),
       (36, 'https://img.com/product_36.jpg', TRUE, 1),
       (37, 'https://img.com/product_37.jpg', TRUE, 1),
       (38, 'https://img.com/product_38.jpg', TRUE, 1),
       (39, 'https://img.com/product_39.jpg', TRUE, 1),
       (40, 'https://img.com/product_40.jpg', TRUE, 1),
       (41, 'https://img.com/product_41.jpg', TRUE, 1),
       (42, 'https://img.com/product_42.jpg', TRUE, 1),
       (43, 'https://img.com/product_43.jpg', TRUE, 1),
       (44, 'https://img.com/product_44.jpg', TRUE, 1),
       (45, 'https://img.com/product_45.jpg', TRUE, 1),
       (46, 'https://img.com/product_46.jpg', TRUE, 1),
       (47, 'https://img.com/product_47.jpg', TRUE, 1),
       (48, 'https://img.com/product_48.jpg', TRUE, 1),
       (49, 'https://img.com/product_49.jpg', TRUE, 1),
       (50, 'https://img.com/product_50.jpg', TRUE, 1),
       (51, 'https://img.com/product_51.jpg', TRUE, 1),
       (52, 'https://img.com/product_52.jpg', TRUE, 1),
       (53, 'https://img.com/product_53.jpg', TRUE, 1),
       (54, 'https://img.com/product_54.jpg', TRUE, 1),
       (55, 'https://img.com/product_55.jpg', TRUE, 1),
       (56, 'https://img.com/product_56.jpg', TRUE, 1),
       (57, 'https://img.com/product_57.jpg', TRUE, 1),
       (58, 'https://img.com/product_58.jpg', TRUE, 1),
       (59, 'https://img.com/product_59.jpg', TRUE, 1),
       (60, 'https://img.com/product_60.jpg', TRUE, 1),
       (61, 'https://img.com/product_61.jpg', TRUE, 1),
       (62, 'https://img.com/product_62.jpg', TRUE, 1),
       (63, 'https://img.com/product_63.jpg', TRUE, 1),
       (64, 'https://img.com/product_64.jpg', TRUE, 1),
       (65, 'https://img.com/product_65.jpg', TRUE, 1),
       (66, 'https://img.com/product_66.jpg', TRUE, 1),
       (67, 'https://img.com/product_67.jpg', TRUE, 1),
       (68, 'https://img.com/product_68.jpg', TRUE, 1),
       (69, 'https://img.com/product_69.jpg', TRUE, 1),
       (70, 'https://img.com/product_70.jpg', TRUE, 1),
       (71, 'https://img.com/product_71.jpg', TRUE, 1),
       (72, 'https://img.com/product_72.jpg', TRUE, 1),
       (73, 'https://img.com/product_73.jpg', TRUE, 1),
       (74, 'https://img.com/product_74.jpg', TRUE, 1),
       (75, 'https://img.com/product_75.jpg', TRUE, 1),
       (76, 'https://img.com/product_76.jpg', TRUE, 1),
       (77, 'https://img.com/product_77.jpg', TRUE, 1),
       (78, 'https://img.com/product_78.jpg', TRUE, 1),
       (79, 'https://img.com/product_79.jpg', TRUE, 1),
       (80, 'https://img.com/product_80.jpg', TRUE, 1),
       (81, 'https://img.com/product_81.jpg', TRUE, 1),
       (82, 'https://img.com/product_82.jpg', TRUE, 1),
       (83, 'https://img.com/product_83.jpg', TRUE, 1),
       (84, 'https://img.com/product_84.jpg', TRUE, 1),
       (85, 'https://img.com/product_85.jpg', TRUE, 1),
       (86, 'https://img.com/product_86.jpg', TRUE, 1),
       (87, 'https://img.com/product_87.jpg', TRUE, 1),
       (88, 'https://img.com/product_88.jpg', TRUE, 1),
       (89, 'https://img.com/product_89.jpg', TRUE, 1),
       (90, 'https://img.com/product_90.jpg', TRUE, 1),
       (91, 'https://img.com/product_91.jpg', TRUE, 1),
       (92, 'https://img.com/product_92.jpg', TRUE, 1),
       (93, 'https://img.com/product_93.jpg', TRUE, 1),
       (94, 'https://img.com/product_94.jpg', TRUE, 1),
       (95, 'https://img.com/product_95.jpg', TRUE, 1),
       (96, 'https://img.com/product_96.jpg', TRUE, 1),
       (97, 'https://img.com/product_97.jpg', TRUE, 1),
       (98, 'https://img.com/product_98.jpg', TRUE, 1),
       (99, 'https://img.com/product_99.jpg', TRUE, 1),
       (100, 'https://img.com/product_100.jpg', TRUE, 1);

-- product_descriptions

INSERT INTO products_descriptions (product_id, description, description_order, content_type)

VALUES (1, 'Perferendis dolores suscipit consequatur fugiat nam.', 1, 'text'),
       (2, 'Minima magnam saepe aspernatur repellat.', 1, 'text'),
       (3, 'Natus nam maiores officiis ratione maxime deserunt.', 1, 'text'),
       (4, 'Eius reiciendis quibusdam.', 1, 'text'),
       (5, 'Iste molestias quos praesentium architecto a fuga asperiores.', 1, 'text'),
       (6, 'Adipisci aliquid repellendus reiciendis nemo ipsa sed dignissimos.', 1, 'text'),
       (7, 'Numquam repellat ab consectetur error.', 1, 'text'),
       (8, 'Omnis non nam tenetur explicabo.', 1, 'text'),
       (9, 'Alias labore a fuga.', 1, 'text'),
       (10, 'Consequatur iusto accusantium vero quis porro.', 1, 'text'),
       (11, 'Repellat libero est minus ex at dolor repudiandae.', 1, 'text'),
       (12, 'Provident error dolorem pariatur sunt at qui.', 1, 'text'),
       (13, 'Placeat illo aliquid.', 1, 'text'),
       (14, 'Voluptate fugit voluptatum sapiente debitis et.', 1, 'text'),
       (15, 'Iusto quam nam quae et perspiciatis.', 1, 'text'),
       (16, 'Facere id voluptate.', 1, 'text'),
       (17, 'Error repellat repudiandae architecto dignissimos facilis.', 1, 'text'),
       (18, 'Inventore animi accusamus non a atque id.', 1, 'text'),
       (19, 'Facilis culpa perspiciatis culpa.', 1, 'text'),
       (20, 'Suscipit quod deleniti in beatae.', 1, 'text'),
       (21, 'Magni omnis ratione doloremque pariatur molestias.', 1, 'text'),
       (22, 'Temporibus occaecati ipsa deleniti.', 1, 'text'),
       (23, 'Alias quos mollitia quidem dolore.', 1, 'text'),
       (24, 'Vel repellat dicta.', 1, 'text'),
       (25, 'Porro excepturi mollitia dolore cumque repellendus.', 1, 'text'),
       (26, 'Porro ratione excepturi porro.', 1, 'text'),
       (27, 'Aspernatur porro eum consequuntur sed eveniet dignissimos.', 1, 'text'),
       (28, 'Ducimus aut fugit in iusto.', 1, 'text'),
       (29, 'Similique aperiam harum inventore dolor cum sapiente unde.', 1, 'text'),
       (30, 'Labore molestiae suscipit.', 1, 'text'),
       (31, 'Fugit provident odit laborum a sint natus.', 1, 'text'),
       (32, 'Nulla nobis cumque.', 1, 'text'),
       (33, 'Facilis explicabo commodi ratione sed.', 1, 'text'),
       (34, 'At explicabo laudantium voluptate.', 1, 'text'),
       (35, 'Tempora inventore doloribus ex occaecati.', 1, 'text'),
       (36, 'Consequatur labore eaque numquam asperiores optio esse.', 1, 'text'),
       (37, 'Quaerat sunt iure consequuntur ipsa accusantium.', 1, 'text'),
       (38, 'Consequuntur asperiores aperiam unde tempora accusantium totam.', 1, 'text'),
       (39, 'Eius tempora maiores dolor.', 1, 'text'),
       (40, 'Soluta commodi eaque dolore ullam.', 1, 'text'),
       (41, 'Vero laborum consequatur iusto provident voluptate sapiente.', 1, 'text'),
       (42, 'Quaerat natus aliquid culpa officia sapiente rerum molestias.', 1, 'text'),
       (43, 'Molestias voluptatibus ipsa voluptas mollitia natus.', 1, 'text'),
       (44, 'Voluptates odit maxime distinctio excepturi quia animi.', 1, 'text'),
       (45, 'Voluptate est aliquid quia rem non atque.', 1, 'text'),
       (46, 'Voluptate sequi dolor sunt.', 1, 'text'),
       (47, 'Veritatis temporibus libero ea error harum.', 1, 'text'),
       (48, 'Fugit mollitia impedit nesciunt.', 1, 'text'),
       (49, 'Ratione amet dolor ipsa laborum quod.', 1, 'text'),
       (50, 'Omnis animi illum nobis natus.', 1, 'text'),
       (51, 'Ipsum porro neque doloremque voluptatibus nostrum.', 1, 'text'),
       (52, 'Consequuntur incidunt natus atque voluptates.', 1, 'text'),
       (53, 'Labore non odio maiores id.', 1, 'text'),
       (54, 'Corrupti atque reprehenderit dolorum velit.', 1, 'text'),
       (55, 'Molestiae asperiores ipsum quasi.', 1, 'text'),
       (56, 'Unde vel error pariatur dolore recusandae maxime.', 1, 'text'),
       (57, 'Porro quos architecto sint.', 1, 'text'),
       (58, 'Odit quod at dolorem porro commodi accusamus dolore.', 1, 'text'),
       (59, 'Ex maxime in porro aliquid eaque autem.', 1, 'text'),
       (60, 'Itaque iusto veritatis sit itaque distinctio explicabo.', 1, 'text'),
       (61, 'Quo tempora sapiente vel aspernatur provident perferendis earum.', 1, 'text'),
       (62, 'Porro aliquid ullam mollitia earum quos.', 1, 'text'),
       (63, 'Blanditiis nihil possimus quod neque.', 1, 'text'),
       (64, 'A adipisci et distinctio eum reiciendis.', 1, 'text'),
       (65, 'Laudantium animi praesentium placeat molestias.', 1, 'text'),
       (66, 'Aperiam nesciunt natus placeat rem qui.', 1, 'text'),
       (67, 'Corporis tempora excepturi nemo sint optio.', 1, 'text'),
       (68, 'Molestias at quam hic provident.', 1, 'text'),
       (69, 'Dolorum accusantium beatae perspiciatis quas.', 1, 'text'),
       (70, 'Nostrum recusandae suscipit id.', 1, 'text'),
       (71, 'Quam recusandae reprehenderit.', 1, 'text'),
       (72, 'Dicta voluptate totam quos et nemo.', 1, 'text'),
       (73, 'Neque accusantium dicta officia voluptates sed quasi eum.', 1, 'text'),
       (74, 'Odio at amet magni eum ipsum aliquid.', 1, 'text'),
       (75, 'Fugiat laudantium asperiores eos.', 1, 'text'),
       (76, 'Suscipit similique aliquid ratione.', 1, 'text'),
       (77, 'Ad repellendus expedita ut veritatis.', 1, 'text'),
       (78, 'Totam enim harum rerum.', 1, 'text'),
       (79, 'Aliquid inventore magnam cupiditate.', 1, 'text'),
       (80, 'Minus iusto ipsum exercitationem.', 1, 'text'),
       (81, 'Est explicabo architecto iusto consequuntur fugit ullam.', 1, 'text'),
       (82, 'Assumenda ipsum reiciendis magni iure.', 1, 'text'),
       (83, 'Accusantium qui reprehenderit accusantium quibusdam.', 1, 'text'),
       (84, 'Quas nam voluptatem fugit saepe.', 1, 'text'),
       (85, 'Debitis totam odit natus aliquid aliquid.', 1, 'text'),
       (86, 'Aliquam excepturi dignissimos est odio at ipsa autem.', 1, 'text'),
       (87, 'Neque aspernatur modi cupiditate ratione.', 1, 'text'),
       (88, 'Id maiores blanditiis numquam eos ut.', 1, 'text'),
       (89, 'Sed similique numquam modi magni ut.', 1, 'text'),
       (90, 'Impedit nisi amet laudantium reprehenderit quas.', 1, 'text'),
       (91, 'Nesciunt numquam eaque amet excepturi.', 1, 'text'),
       (92, 'Ullam aliquam molestias fuga natus quae natus.', 1, 'text'),
       (93, 'Rerum ducimus saepe qui ea iure voluptates quaerat.', 1, 'text'),
       (94, 'Alias consequuntur aspernatur explicabo ipsa eligendi.', 1, 'text'),
       (95, 'Voluptate dignissimos iure enim laborum.', 1, 'text'),
       (96, 'Occaecati aliquid mollitia saepe.', 1, 'text'),
       (97, 'Quod quibusdam porro consectetur.', 1, 'text'),
       (98, 'Explicabo non nisi praesentium enim aliquid eius.', 1, 'text'),
       (99, 'Ducimus nesciunt tempore rerum.', 1, 'text'),
       (100, 'Voluptatibus aut doloribus expedita voluptas est non quas.', 1, 'text');

-- hashtags

INSERT INTO hashtags (hashtag_name, slug, category, usage_count)

VALUES ('#tenetur', 'tenetur', '스위치', 84),
       ('#ipsum', 'ipsum', '하우징', 37),
       ('#earum', 'earum', '키캡', 75),
       ('#accusamus', 'accusamus', '스위치', 49),
       ('#tenetur', 'tenetur', '하우징', 95),
       ('#numquam', 'numquam', '윤활제', 49),
       ('#odit', 'odit', '스프링', 76),
       ('#at', 'at', '윤활제', 97),
       ('#corrupti', 'corrupti', '스프링', 17),
       ('#dolorum', 'dolorum', '하우징', 54),
       ('#dicta', 'dicta', '스위치', 96),
       ('#quis', 'quis', '키캡', 78),
       ('#aperiam', 'aperiam', '윤활제', 13),
       ('#quibusdam', 'quibusdam', '키캡', 36),
       ('#aliquid', 'aliquid', '스프링', 65),
       ('#aut', 'aut', '스프링', 97),
       ('#veritatis', 'veritatis', '윤활제', 80),
       ('#velit', 'velit', '하우징', 34),
       ('#sunt', 'sunt', '스프링', 6),
       ('#similique', 'similique', '윤활제', 97);

-- feeds

INSERT INTO feeds (user_id, content)
VALUES
    (23, '오늘 키보드 윤활 처음 해봤는데 진짜 신세계네요!'),
    (22, '저소음 적축으로 갈축 느낌 내는 방법 있을까요?'),
    (21, '알루미늄 하우징 추천 좀 해주세요. 소리 진짜 좋네요.'),
    (12, '가성비 키캡 세트 뭐가 있을까요? 너무 많아서 고민돼요.'),
    (10, '루프앤 무접점 키보드 써보신 분 계신가요? 궁금합니다.'),
    (8, '스테빌라이저 잡소리 없애는 팁 공유드립니다.'),
    (6, '키보드 윤활할 때 크라이톡스 쓰는 게 진짜 좋네요.'),
    (11, '오늘 새 키보드 조립했는데 타건감 미쳤습니다.'),
    (7, '풀알루 하우징인데 체리 흑축 조합이 진짜 찰떡이에요.'),
    (21, 'ABS 키캡보다 PBT 키캡이 확실히 손에 잘 맞네요.'),
    (9, 'LED 커스터마이징은 어떤 방식이 가장 깔끔할까요?'),
    (9, '키보드 매트 하나 깔았을 뿐인데 소리 차이가 나네요.'),
    (9, '저소음 흑축 쓰다가 리니어로 넘어갔는데 신세계에요.'),
    (3, '방진패드 추가했더니 통울림 거의 사라졌어요.'),
    (15, '택타일 축 추천 부탁드립니다.'),
    (30, '스위치 루브 후기입니다: 너무 만족합니다.'),
    (26, '새 키보드 디자인 완성했어요. 공유합니다!'),
    (17, '손목받침대 추천 제품 있으신가요? 장시간 타건용으로요.'),
    (22, 'VIA 지원 안 되는 보드 쓰시는 분 계신가요?'),
    (12, '이번에 키보드 키맵 변경했는데 신세계네요.'),
    (19, '무보강 알루미늄 하우징 타건음 공유해요.'),
    (15, '지금 쓰는 조합: 갈축 + 폼패드. 만족도 200%'),
    (4, '키보드 루프 직접 제작해봤습니다. 결과물 공유!'),
    (15, '조명 커스터마이징 어떻게들 하시나요?'),
    (29, '마이크로컨트롤러 교체했더니 반응속도 빨라졌어요.'),
    (23, '무선 기계식 키보드 쓰시는 분들 경험 어때요?'),
    (3, '오늘 키보드에 금속 포인트 넣어봤는데 예쁘네요.'),
    (2, '자작 아크릴 하우징 처음 만들었어요!'),
    (30, '노브 볼륨 조절 추가한 후기 공유해요.'),
    (24, '기계식 키보드 입문용 추천 부탁드립니다.'),
    (12, '청축 오래 쓰니 손가락 아픈데 조언 부탁드려요.'),
    (15, '히든 RGB 설정하는 방법 아시는 분 있나요?'),
    (1, '40% 키보드 배열 적응되니 너무 편하네요.'),
    (30, '펌웨어 올리다가 보드 먹통됐어요ㅠㅠ'),
    (4, '키캡 놀이가 제일 재미있는 거 같아요.'),
    (8, '윤활제 종류별 비교해보신 분 계신가요?'),
    (28, '키보드 전시용 스탠드 어디서 구매하시나요?'),
    (8, '정전용량 무접점 타건감은 진짜 독보적이네요.'),
    (22, '커스텀 키보드 조립 난이도 어느 정도일까요?'),
    (25, '팬텀 키입력 문제 해결하신 분 계신가요?'),
    (18, '적축 vs 흑축, 요즘 어떤 게 인기인가요?'),
    (8, '루브할 때 스프링까지 하시는 분 계신가요?'),
    (23, '키보드 진공 윤활기 써보신 분 후기 궁금해요.'),
    (2, '유막 생기는 원인 뭔가요? 방지법도요.'),
    (14, '오늘 택배 도착! 새 키보드 개봉기 올려요.'),
    (17, '무소음 셋업 완성했습니다. 타건영상 공유드려요.'),
    (13, '로우 프로파일 키보드도 꽤 괜찮네요.'),
    (16, '키보드 매크로 설정은 VIA가 최고네요.'),
    (22, '토프레에서 체리로 넘어왔는데 익숙해지려면 얼마나 걸릴까요?'),
    (19, '하우징 폴리싱하니 반짝반짝하네요.');


-- feed_images

INSERT INTO feed_images (feed_id, image_url, display_order, is_main_image)

VALUES (1, 'https://img.com/feed_1.jpg', 1, TRUE),
       (2, 'https://img.com/feed_2.jpg', 1, TRUE),
       (3, 'https://img.com/feed_3.jpg', 1, TRUE),
       (4, 'https://img.com/feed_4.jpg', 1, TRUE),
       (5, 'https://img.com/feed_5.jpg', 1, TRUE),
       (6, 'https://img.com/feed_6.jpg', 1, TRUE),
       (7, 'https://img.com/feed_7.jpg', 1, TRUE),
       (8, 'https://img.com/feed_8.jpg', 1, TRUE),
       (9, 'https://img.com/feed_9.jpg', 1, TRUE),
       (10, 'https://img.com/feed_10.jpg', 1, TRUE),
       (11, 'https://img.com/feed_11.jpg', 1, TRUE),
       (12, 'https://img.com/feed_12.jpg', 1, TRUE),
       (13, 'https://img.com/feed_13.jpg', 1, TRUE),
       (14, 'https://img.com/feed_14.jpg', 1, TRUE),
       (15, 'https://img.com/feed_15.jpg', 1, TRUE),
       (16, 'https://img.com/feed_16.jpg', 1, TRUE),
       (17, 'https://img.com/feed_17.jpg', 1, TRUE),
       (18, 'https://img.com/feed_18.jpg', 1, TRUE),
       (19, 'https://img.com/feed_19.jpg', 1, TRUE),
       (20, 'https://img.com/feed_20.jpg', 1, TRUE),
       (21, 'https://img.com/feed_21.jpg', 1, TRUE),
       (22, 'https://img.com/feed_22.jpg', 1, TRUE),
       (23, 'https://img.com/feed_23.jpg', 1, TRUE),
       (24, 'https://img.com/feed_24.jpg', 1, TRUE),
       (25, 'https://img.com/feed_25.jpg', 1, TRUE),
       (26, 'https://img.com/feed_26.jpg', 1, TRUE),
       (27, 'https://img.com/feed_27.jpg', 1, TRUE),
       (28, 'https://img.com/feed_28.jpg', 1, TRUE),
       (29, 'https://img.com/feed_29.jpg', 1, TRUE),
       (30, 'https://img.com/feed_30.jpg', 1, TRUE),
       (31, 'https://img.com/feed_31.jpg', 1, TRUE),
       (32, 'https://img.com/feed_32.jpg', 1, TRUE),
       (33, 'https://img.com/feed_33.jpg', 1, TRUE),
       (34, 'https://img.com/feed_34.jpg', 1, TRUE),
       (35, 'https://img.com/feed_35.jpg', 1, TRUE),
       (36, 'https://img.com/feed_36.jpg', 1, TRUE),
       (37, 'https://img.com/feed_37.jpg', 1, TRUE),
       (38, 'https://img.com/feed_38.jpg', 1, TRUE),
       (39, 'https://img.com/feed_39.jpg', 1, TRUE),
       (40, 'https://img.com/feed_40.jpg', 1, TRUE),
       (41, 'https://img.com/feed_41.jpg', 1, TRUE),
       (42, 'https://img.com/feed_42.jpg', 1, TRUE),
       (43, 'https://img.com/feed_43.jpg', 1, TRUE),
       (44, 'https://img.com/feed_44.jpg', 1, TRUE),
       (45, 'https://img.com/feed_45.jpg', 1, TRUE),
       (46, 'https://img.com/feed_46.jpg', 1, TRUE),
       (47, 'https://img.com/feed_47.jpg', 1, TRUE),
       (48, 'https://img.com/feed_48.jpg', 1, TRUE),
       (49, 'https://img.com/feed_49.jpg', 1, TRUE),
       (50, 'https://img.com/feed_50.jpg', 1, TRUE);

-- feed_hashtags

INSERT INTO feed_hashtags (feed_id, hashtag_id)

VALUES (1, 10),
       (1, 16),
       (2, 18),
       (2, 6),
       (3, 11),
       (4, 13),
       (5, 15),
       (5, 14),
       (6, 16),
       (7, 20),
       (8, 2),
       (8, 10),
       (9, 3),
       (9, 9),
       (10, 18),
       (11, 4),
       (11, 13),
       (12, 17),
       (13, 15),
       (13, 18),
       (14, 19),
       (14, 5),
       (15, 8),
       (16, 3),
       (17, 18),
       (18, 14),
       (19, 8),
       (20, 10),
       (21, 3),
       (21, 5),
       (22, 2),
       (23, 8),
       (24, 9),
       (24, 12),
       (25, 4),
       (25, 14),
       (26, 10),
       (26, 8),
       (27, 9),
       (28, 13),
       (28, 2),
       (29, 9),
       (30, 19),
       (31, 3),
       (32, 17),
       (33, 17),
       (33, 7),
       (34, 4),
       (35, 1),
       (36, 19),
       (37, 16),
       (37, 1),
       (38, 6),
       (39, 18),
       (40, 16),
       (40, 20),
       (41, 4),
       (42, 1),
       (42, 19),
       (43, 16),
       (44, 7),
       (44, 2),
       (45, 8),
       (45, 14),
       (46, 16),
       (46, 19),
       (47, 10),
       (48, 16),
       (49, 16),
       (50, 7),
       (50, 6);

-- feed_products

INSERT INTO feed_products (feed_id, product_id, product_name, price, category, feed_image_id, position_x, position_y)

VALUES (1, 91, '상품명 91', 118653, '카테고리', 1, 50, 50),
       (2, 59, '상품명 59', 148505, '카테고리', 2, 50, 50),
       (2, 74, '상품명 74', 50082, '카테고리', 2, 50, 50),
       (3, 56, '상품명 56', 93115, '카테고리', 3, 50, 50),
       (3, 61, '상품명 61', 18316, '카테고리', 3, 50, 50),
       (5, 11, '상품명 11', 37593, '카테고리', 5, 50, 50),
       (5, 77, '상품명 77', 167500, '카테고리', 5, 50, 50),
       (7, 54, '상품명 54', 59410, '카테고리', 7, 50, 50),
       (7, 100, '상품명 100', 196948, '카테고리', 7, 50, 50),
       (8, 90, '상품명 90', 133238, '카테고리', 8, 50, 50),
       (9, 88, '상품명 88', 73090, '카테고리', 9, 50, 50),
       (11, 26, '상품명 26', 120549, '카테고리', 11, 50, 50),
       (11, 93, '상품명 93', 77900, '카테고리', 11, 50, 50),
       (12, 54, '상품명 54', 164394, '카테고리', 12, 50, 50),
       (12, 42, '상품명 42', 190366, '카테고리', 12, 50, 50),
       (13, 69, '상품명 69', 33205, '카테고리', 13, 50, 50),
       (13, 66, '상품명 66', 135646, '카테고리', 13, 50, 50),
       (14, 52, '상품명 52', 141927, '카테고리', 14, 50, 50),
       (14, 100, '상품명 100', 176729, '카테고리', 14, 50, 50),
       (15, 42, '상품명 42', 142751, '카테고리', 15, 50, 50),
       (16, 25, '상품명 25', 118688, '카테고리', 16, 50, 50),
       (17, 90, '상품명 90', 75475, '카테고리', 17, 50, 50),
       (18, 83, '상품명 83', 197555, '카테고리', 18, 50, 50),
       (18, 50, '상품명 50', 53119, '카테고리', 18, 50, 50),
       (23, 26, '상품명 26', 164357, '카테고리', 23, 50, 50),
       (23, 12, '상품명 12', 73628, '카테고리', 23, 50, 50),
       (24, 7, '상품명 7', 120017, '카테고리', 24, 50, 50),
       (28, 11, '상품명 11', 77002, '카테고리', 28, 50, 50),
       (29, 38, '상품명 38', 175353, '카테고리', 29, 50, 50),
       (30, 51, '상품명 51', 137489, '카테고리', 30, 50, 50),
       (32, 32, '상품명 32', 51635, '카테고리', 32, 50, 50),
       (32, 25, '상품명 25', 148443, '카테고리', 32, 50, 50),
       (35, 85, '상품명 85', 134345, '카테고리', 35, 50, 50),
       (35, 99, '상품명 99', 89135, '카테고리', 35, 50, 50),
       (36, 16, '상품명 16', 56953, '카테고리', 36, 50, 50),
       (36, 74, '상품명 74', 153747, '카테고리', 36, 50, 50),
       (38, 27, '상품명 27', 55354, '카테고리', 38, 50, 50),
       (39, 35, '상품명 35', 154163, '카테고리', 39, 50, 50),
       (40, 59, '상품명 59', 119381, '카테고리', 40, 50, 50),
       (41, 2, '상품명 2', 48106, '카테고리', 41, 50, 50),
       (41, 70, '상품명 70', 127136, '카테고리', 41, 50, 50),
       (43, 71, '상품명 71', 108160, '카테고리', 43, 50, 50),
       (44, 15, '상품명 15', 146843, '카테고리', 44, 50, 50),
       (45, 93, '상품명 93', 156234, '카테고리', 45, 50, 50),
       (45, 61, '상품명 61', 148210, '카테고리', 45, 50, 50),
       (46, 61, '상품명 61', 45660, '카테고리', 46, 50, 50),
       (47, 100, '상품명 100', 85003, '카테고리', 47, 50, 50),
       (50, 69, '상품명 69', 45986, '카테고리', 50, 50, 50),
       (50, 16, '상품명 16', 126564, '카테고리', 50, 50, 50);

-- feed_likes

INSERT INTO feed_likes (feed_id, user_id)

VALUES (1, 26),
       (1, 4),
       (1, 14),
       (1, 12),
       (2, 16),
       (2, 10),
       (3, 3),
       (3, 17),
       (4, 21),
       (4, 12),
       (5, 30),
       (5, 1),
       (6, 20),
       (7, 21),
       (7, 28),
       (8, 26),
       (8, 18),
       (8, 12),
       (8, 17),
       (9, 15),
       (10, 6),
       (13, 12),
       (14, 11),
       (15, 12),
       (15, 21),
       (15, 5),
       (15, 2),
       (16, 12),
       (16, 17),
       (16, 26),
       (16, 9),
       (17, 14),
       (17, 22),
       (17, 25),
       (17, 24),
       (18, 11),
       (20, 11),
       (20, 4),
       (20, 23),
       (21, 1),
       (21, 23),
       (21, 10),
       (22, 12),
       (22, 9),
       (22, 7),
       (22, 17),
       (23, 7),
       (23, 11),
       (24, 8),
       (24, 9),
       (25, 22),
       (25, 13),
       (25, 10),
       (26, 28),
       (29, 20),
       (29, 19),
       (29, 23),
       (29, 16),
       (30, 23),
       (30, 25),
       (31, 14),
       (31, 12),
       (31, 30),
       (34, 7),
       (34, 6),
       (34, 16),
       (34, 27),
       (35, 10),
       (36, 5),
       (36, 18),
       (37, 6),
       (37, 18),
       (37, 11),
       (38, 19),
       (39, 30),
       (39, 27),
       (40, 15),
       (42, 16),
       (42, 24),
       (43, 15),
       (44, 17),
       (45, 28),
       (45, 20),
       (46, 10),
       (46, 16),
       (46, 3),
       (46, 14),
       (47, 24),
       (47, 15),
       (47, 6),
       (49, 8),
       (49, 21),
       (49, 14),
       (50, 6),
       (50, 19);

-- comments

INSERT INTO comments (feed_id, user_id, content)

VALUES (1, 7, 'Facere eum maiores quae.'),
       (1, 17, 'Fugit distinctio delectus laudantium dolores soluta.'),
       (2, 25, 'Quod enim deleniti velit deleniti.'),
       (2, 19, 'Esse culpa qui eaque.'),
       (3, 13, 'Tempora voluptatibus totam ea perspiciatis soluta ipsa.'),
       (3, 7, 'Et illo tempora voluptates deleniti.'),
       (4, 6, 'Eum impedit tempore tempora voluptate autem harum.'),
       (5, 17, 'Impedit repellendus eveniet incidunt vitae doloribus totam.'),
       (6, 20, 'Voluptas neque eaque nobis laborum nostrum excepturi.'),
       (6, 10, 'Doloribus eius accusantium distinctio quas veritatis quia deleniti.'),
       (6, 23, 'Ad nulla reiciendis dolore est omnis.'),
       (7, 11, 'Occaecati consequatur autem.'),
       (8, 13, 'Debitis laborum laborum impedit quo mollitia.'),
       (8, 16, 'Soluta accusamus libero.'),
       (8, 27, 'Dignissimos officiis inventore mollitia a et iusto.'),
       (9, 2, 'Nemo est quaerat perferendis possimus quos perferendis.'),
       (9, 29, 'Eius doloribus natus commodi.'),
       (10, 14, 'Nihil natus iure cum ipsum laudantium ratione sed.'),
       (11, 29, 'Atque aspernatur beatae vel explicabo consectetur quisquam.'),
       (13, 26, 'Harum nihil explicabo neque porro.'),
       (13, 13, 'Cupiditate doloremque accusamus nobis.'),
       (15, 8, 'Laborum temporibus dolor necessitatibus laudantium.'),
       (15, 19, 'Sequi amet exercitationem quibusdam ducimus dolorem.'),
       (15, 10, 'Rem sequi voluptate dolores.'),
       (16, 26, 'Alias consequuntur quibusdam eaque.'),
       (16, 18, 'In impedit aperiam esse saepe repellat eveniet numquam.'),
       (16, 9, 'Nam in placeat.'),
       (17, 14, 'Dolor quo fugit soluta fuga eligendi.'),
       (19, 19, 'Laboriosam qui occaecati repudiandae quasi quo corrupti.'),
       (19, 28, 'Quaerat velit dolorem hic distinctio architecto deserunt.'),
       (19, 27, 'Ut explicabo dignissimos officia.'),
       (20, 18, 'At quod nisi reprehenderit asperiores nulla.'),
       (20, 23, 'Distinctio non et error quia.'),
       (21, 19, 'Accusamus similique necessitatibus.'),
       (22, 11, 'Eveniet rerum aliquid maxime.'),
       (22, 19, 'Nostrum beatae enim deserunt vitae.'),
       (22, 5, 'Suscipit vero qui nulla dolore alias.'),
       (23, 12, 'Ad consequuntur saepe quis quas rem provident.'),
       (24, 16, 'Deleniti quos sapiente quasi.'),
       (24, 17, 'Ducimus est dicta aliquid animi.'),
       (24, 28, 'Tempore fugit iste illo eligendi libero quibusdam.'),
       (25, 30, 'Voluptatum ad tempora hic quibusdam quaerat itaque.'),
       (26, 29, 'Expedita necessitatibus ipsum ut.'),
       (26, 19, 'Vel dolores debitis ullam amet.'),
       (26, 13, 'Eveniet dolorum suscipit vitae autem dolor rem.'),
       (27, 1, 'Error quasi atque nam architecto saepe reiciendis perferendis.'),
       (28, 5, 'Occaecati sunt consequatur.'),
       (28, 23, 'Voluptate voluptatem nihil.'),
       (28, 25, 'Eveniet soluta molestiae eum earum quam at maxime.'),
       (29, 16, 'Officiis iste facere itaque quasi est blanditiis.'),
       (29, 26, 'Consequatur officiis odit fugiat occaecati ut.'),
       (29, 24, 'Aspernatur facilis delectus cum.'),
       (30, 14, 'Provident molestiae molestiae excepturi.'),
       (30, 4, 'Fuga provident officiis atque.'),
       (31, 12, 'Laborum commodi esse amet eligendi aspernatur.'),
       (31, 11, 'Accusamus est laudantium qui veniam maxime magni.'),
       (32, 25, 'Eligendi recusandae voluptate numquam aspernatur et ad.'),
       (33, 16, 'Fuga blanditiis iure optio eveniet.'),
       (34, 1, 'Deserunt aliquam velit rem consequatur iste.'),
       (34, 27, 'Eius eaque occaecati perferendis esse.'),
       (36, 30, 'Et blanditiis inventore eos quasi eveniet.'),
       (36, 13, 'Molestiae sunt exercitationem natus dolore maiores error.'),
       (37, 14, 'Doloremque tenetur distinctio dolore suscipit illum et.'),
       (37, 27, 'Sunt dolores impedit similique.'),
       (38, 12, 'Voluptas inventore magnam quae illum delectus molestiae.'),
       (38, 21, 'Fugit laboriosam impedit perspiciatis cumque.'),
       (39, 17, 'Tempore eveniet incidunt atque sint iure explicabo tempora.'),
       (39, 17, 'Voluptates est eveniet cupiditate eos.'),
       (39, 28, 'Porro delectus dolore odit.'),
       (40, 23, 'Culpa aliquid assumenda quaerat eaque sunt earum quas.'),
       (40, 9, 'Praesentium tenetur adipisci eveniet error ad repellat laudantium.'),
       (40, 30, 'Consectetur aspernatur autem quos.'),
       (41, 20, 'Accusantium eos dicta cupiditate.'),
       (41, 12, 'Beatae omnis adipisci a soluta provident atque.'),
       (42, 18, 'Ab adipisci commodi maiores magnam numquam.'),
       (42, 11, 'Accusamus quos ipsum.'),
       (43, 15, 'Quidem occaecati quisquam fugit.'),
       (43, 27, 'Placeat incidunt facere suscipit.'),
       (44, 11, 'Iste esse magni doloribus id minima.'),
       (44, 26, 'Natus architecto nobis.'),
       (47, 26, 'Tenetur provident repellat quibusdam.'),
       (47, 15, 'Dicta aperiam officiis.'),
       (47, 13, 'Libero dolor corrupti maxime.'),
       (49, 7, 'Corrupti placeat alias saepe deserunt.'),
       (50, 23, 'Tempora nisi optio.'),
       (50, 14, 'Pariatur suscipit voluptatum labore harum.'),
       (50, 24, 'Hic dolor explicabo modi nam.');

-- feed_bookmarks

INSERT INTO feed_bookmarks (feed_id, user_id)

VALUES (3, 19),
       (3, 15),
       (9, 13),
       (10, 24),
       (11, 24),
       (12, 12),
       (13, 3),
       (14, 20),
       (15, 7),
       (16, 24),
       (17, 17),
       (17, 8),
       (18, 11),
       (18, 14),
       (19, 6),
       (19, 25),
       (20, 26),
       (21, 25),
       (21, 24),
       (23, 25),
       (23, 3),
       (26, 3),
       (26, 5),
       (27, 26),
       (29, 3),
       (31, 17),
       (32, 12),
       (34, 19),
       (34, 5),
       (35, 8),
       (35, 28),
       (37, 10),
       (38, 4),
       (39, 26),
       (39, 25),
       (40, 4),
       (40, 8),
       (42, 25),
       (44, 24),
       (44, 6),
       (45, 2),
       (46, 15),
       (47, 25),
       (47, 22),
       (48, 11),
       (48, 19),
       (50, 3);

-- boards

INSERT INTO boards (writer_id, title, description, thumbnail_url, deal_state, view_cnt)

VALUES (23, 'Ab similique.', 'Molestiae id in excepturi. Impedit ut eos. Unde rem ea fugit ratione delectus ea cupiditate.', 'https://img.com/board_thumb_1.jpg', 'CANCELED', 689),
       (25, 'Aliquid eius quibusdam.', 'Iure facere neque facilis. Placeat atque facilis fugiat. Officia delectus nulla ipsa.', 'https://img.com/board_thumb_2.jpg', 'WAITING', 459),
       (20, 'Enim ex reprehenderit.', 'Atque soluta mollitia.', 'https://img.com/board_thumb_3.jpg', 'WAITING', 407),
       (8, 'Saepe perferendis nobis.', 'Ab dicta sit quis. Omnis eveniet reiciendis quae.', 'https://img.com/board_thumb_4.jpg', 'COMPLETED', 237),
       (26, 'Aspernatur nulla ipsa.', 'Accusamus repellat perferendis alias labore amet. Alias provident quisquam cum libero natus deleniti.', 'https://img.com/board_thumb_5.jpg', 'WAITING', 376),
       (25, 'Beatae eligendi qui minima.', 'Ipsam excepturi ducimus aspernatur. Minima eveniet eius odit accusamus alias deleniti.', 'https://img.com/board_thumb_6.jpg', 'COMPLETED', 169),
       (2, 'Rerum earum.', 'Rerum natus quae aliquid ipsa. Quasi dolores corporis hic soluta adipisci.', 'https://img.com/board_thumb_7.jpg', 'COMPLETED', 164),
       (30, 'Sequi et.', 'Sit quibusdam saepe minus optio corrupti nisi. Eveniet fuga voluptatum aperiam laborum. Ipsam esse suscipit quod sed reprehenderit reiciendis. Perferendis veniam eos excepturi suscipit.', 'https://img.com/board_thumb_8.jpg', 'CANCELED', 124),
       (11, 'Perspiciatis dignissimos corrupti voluptatibus.', 'Officiis error id magni consequatur eius. Placeat quidem magnam quia incidunt quas nulla. Quas incidunt illum quisquam.', 'https://img.com/board_thumb_9.jpg', 'CANCELED', 966),
       (22, 'Quaerat nisi fugiat.', 'Ipsum fuga porro accusantium facere dignissimos cupiditate ratione. Nihil aperiam nemo odio veritatis.', 'https://img.com/board_thumb_10.jpg', 'COMPLETED', 359),
       (22, 'Magni dignissimos cupiditate numquam.', 'Aliquam necessitatibus ab eligendi. Odit rem esse dolorum aspernatur delectus excepturi rerum.', 'https://img.com/board_thumb_11.jpg', 'CANCELED', 93),
       (2, 'Sequi ratione repellendus.', 'Repudiandae tempora vero mollitia laborum possimus animi. Cum accusantium possimus quasi eaque.', 'https://img.com/board_thumb_12.jpg', 'WAITING', 155),
       (16, 'Fugiat minima cupiditate doloremque.', 'Ex esse quas rem et eveniet facere. Optio esse nulla saepe vero molestiae sequi. Aperiam possimus id culpa ex exercitationem provident.', 'https://img.com/board_thumb_13.jpg', 'CANCELED', 950),
       (8, 'Iusto at corporis incidunt.', 'Occaecati delectus sunt corporis nobis repudiandae ut. Repellat soluta asperiores quo placeat odio. Necessitatibus dolorum id repellendus iure eum.', 'https://img.com/board_thumb_14.jpg', 'WAITING', 238),
       (26, 'Ab facilis corporis nesciunt.', 'Facere debitis commodi unde magnam veniam. Molestias accusantium neque recusandae quaerat laborum.', 'https://img.com/board_thumb_15.jpg', 'CANCELED', 76),
       (25, 'Minima quibusdam.', 'Quas animi nostrum eaque dolore quaerat inventore at. Sed quidem nisi saepe perferendis. Voluptate dolorum dolorem accusantium doloribus voluptatibus minima.', 'https://img.com/board_thumb_16.jpg', 'WAITING', 983),
       (7, 'Enim aperiam porro.', 'Non nostrum tempore voluptates eaque reiciendis. Eligendi tempora unde voluptatem consequuntur.', 'https://img.com/board_thumb_17.jpg', 'CANCELED', 676),
       (7, 'Accusantium quibusdam id.', 'Corporis quasi necessitatibus in incidunt quis vel. Voluptates nostrum aspernatur recusandae.', 'https://img.com/board_thumb_18.jpg', 'CANCELED', 985),
       (27, 'Amet quae.', 'Repellat quis repellat odio quod dolorem. Sint dolore sed suscipit. Velit vel nulla nostrum deserunt nihil. Consectetur voluptate ipsum dolore eaque veniam perferendis.', 'https://img.com/board_thumb_19.jpg', 'COMPLETED', 288),
       (22, 'Placeat numquam a tempora eos.', 'Fugiat tenetur dignissimos veniam porro.', 'https://img.com/board_thumb_20.jpg', 'COMPLETED', 474),
       (1, 'Necessitatibus ipsam.', 'Saepe provident vel nemo. Ullam adipisci ullam quae ipsum.', 'https://img.com/board_thumb_21.jpg', 'CANCELED', 318),
       (29, 'Blanditiis ab harum.', 'Delectus enim ad voluptatem reiciendis. Minus quo expedita.', 'https://img.com/board_thumb_22.jpg', 'WAITING', 434),
       (6, 'Doloremque sapiente nisi ipsam.', 'Aspernatur ullam excepturi optio veritatis et. Deserunt perferendis accusamus laborum at delectus. Quia rem dolorem.', 'https://img.com/board_thumb_23.jpg', 'COMPLETED', 959),
       (1, 'Deleniti nemo ullam non.', 'Dolorum neque dolorem sunt adipisci iste quo. Consectetur tempore quidem cumque.', 'https://img.com/board_thumb_24.jpg', 'COMPLETED', 924),
       (29, 'Suscipit doloremque architecto harum.', 'Tempore totam nihil vero. Nostrum corrupti magni ipsa error. Error quo in iusto a suscipit.', 'https://img.com/board_thumb_25.jpg', 'WAITING', 294),
       (19, 'Fuga in aliquam maiores.', 'Animi dolore facere necessitatibus consectetur ab. Expedita dolorem delectus. Error modi ad eum iure.', 'https://img.com/board_thumb_26.jpg', 'COMPLETED', 186),
       (4, 'Quo sapiente repellendus voluptatum dolores.', 'Culpa fuga accusamus. Est officiis sequi ullam magnam facere expedita. Labore corrupti id vitae maiores repudiandae adipisci.', 'https://img.com/board_thumb_27.jpg', 'COMPLETED', 801),
       (9, 'Soluta odio exercitationem.', 'Fuga sit ut vitae animi provident incidunt cupiditate. Quas iste voluptatum mollitia voluptates ad. Tempora debitis quod eius aliquam.', 'https://img.com/board_thumb_28.jpg', 'WAITING', 390),
       (13, 'Iure odit eligendi corrupti nobis.', 'Illo perspiciatis exercitationem nisi enim mollitia corrupti. Qui iusto officia quasi assumenda aliquam eum.', 'https://img.com/board_thumb_29.jpg', 'CANCELED', 38),
       (22, 'Voluptatem eligendi.', 'Eligendi distinctio corporis amet explicabo neque impedit. Veritatis fuga consequatur rem velit temporibus necessitatibus aspernatur. Rerum ea alias quia numquam quam.', 'https://img.com/board_thumb_30.jpg', 'CANCELED', 206);

-- board_images

INSERT INTO board_images (board_id, image_url, display_order)

VALUES (1, 'https://img.com/board_1_1.jpg', 1),
       (1, 'https://img.com/board_1_2.jpg', 2),
       (1, 'https://img.com/board_1_3.jpg', 3),
       (2, 'https://img.com/board_2_1.jpg', 1),
       (3, 'https://img.com/board_3_1.jpg', 1),
       (4, 'https://img.com/board_4_1.jpg', 1),
       (5, 'https://img.com/board_5_1.jpg', 1),
       (6, 'https://img.com/board_6_1.jpg', 1),
       (6, 'https://img.com/board_6_2.jpg', 2),
       (6, 'https://img.com/board_6_3.jpg', 3),
       (7, 'https://img.com/board_7_1.jpg', 1),
       (8, 'https://img.com/board_8_1.jpg', 1),
       (8, 'https://img.com/board_8_2.jpg', 2),
       (8, 'https://img.com/board_8_3.jpg', 3),
       (9, 'https://img.com/board_9_1.jpg', 1),
       (9, 'https://img.com/board_9_2.jpg', 2),
       (9, 'https://img.com/board_9_3.jpg', 3),
       (10, 'https://img.com/board_10_1.jpg', 1),
       (10, 'https://img.com/board_10_2.jpg', 2),
       (10, 'https://img.com/board_10_3.jpg', 3),
       (11, 'https://img.com/board_11_1.jpg', 1),
       (11, 'https://img.com/board_11_2.jpg', 2),
       (11, 'https://img.com/board_11_3.jpg', 3),
       (12, 'https://img.com/board_12_1.jpg', 1),
       (12, 'https://img.com/board_12_2.jpg', 2),
       (13, 'https://img.com/board_13_1.jpg', 1),
       (13, 'https://img.com/board_13_2.jpg', 2),
       (14, 'https://img.com/board_14_1.jpg', 1),
       (15, 'https://img.com/board_15_1.jpg', 1),
       (15, 'https://img.com/board_15_2.jpg', 2),
       (16, 'https://img.com/board_16_1.jpg', 1),
       (17, 'https://img.com/board_17_1.jpg', 1),
       (18, 'https://img.com/board_18_1.jpg', 1),
       (18, 'https://img.com/board_18_2.jpg', 2),
       (19, 'https://img.com/board_19_1.jpg', 1),
       (19, 'https://img.com/board_19_2.jpg', 2),
       (19, 'https://img.com/board_19_3.jpg', 3),
       (20, 'https://img.com/board_20_1.jpg', 1),
       (20, 'https://img.com/board_20_2.jpg', 2),
       (21, 'https://img.com/board_21_1.jpg', 1),
       (21, 'https://img.com/board_21_2.jpg', 2),
       (21, 'https://img.com/board_21_3.jpg', 3),
       (22, 'https://img.com/board_22_1.jpg', 1),
       (22, 'https://img.com/board_22_2.jpg', 2),
       (23, 'https://img.com/board_23_1.jpg', 1),
       (23, 'https://img.com/board_23_2.jpg', 2),
       (23, 'https://img.com/board_23_3.jpg', 3),
       (24, 'https://img.com/board_24_1.jpg', 1),
       (25, 'https://img.com/board_25_1.jpg', 1),
       (25, 'https://img.com/board_25_2.jpg', 2),
       (25, 'https://img.com/board_25_3.jpg', 3),
       (26, 'https://img.com/board_26_1.jpg', 1),
       (26, 'https://img.com/board_26_2.jpg', 2),
       (27, 'https://img.com/board_27_1.jpg', 1),
       (27, 'https://img.com/board_27_2.jpg', 2),
       (28, 'https://img.com/board_28_1.jpg', 1),
       (28, 'https://img.com/board_28_2.jpg', 2),
       (29, 'https://img.com/board_29_1.jpg', 1),
       (29, 'https://img.com/board_29_2.jpg', 2),
       (29, 'https://img.com/board_29_3.jpg', 3),
       (30, 'https://img.com/board_30_1.jpg', 1);

-- board_products

INSERT INTO board_products (board_id, product_id, category_id)

VALUES (1, 55, 2),
       (2, 54, 2),
       (2, 30, 2),
       (2, 4, 2),
       (3, 63, 2),
       (3, 100, 2),
       (4, 78, 2),
       (4, 12, 2),
       (4, 75, 2),
       (5, 79, 2),
       (5, 72, 2),
       (6, 6, 2),
       (6, 26, 2),
       (7, 29, 2),
       (7, 35, 2),
       (8, 8, 2),
       (8, 14, 2),
       (8, 61, 2),
       (9, 10, 2),
       (9, 73, 2),
       (10, 23, 2),
       (10, 91, 2),
       (10, 100, 2),
       (11, 92, 2),
       (12, 89, 2),
       (12, 73, 2),
       (12, 15, 2),
       (13, 1, 2),
       (14, 39, 2),
       (14, 17, 2),
       (15, 7, 2),
       (16, 23, 2),
       (17, 27, 2),
       (18, 100, 2),
       (18, 34, 2),
       (18, 51, 2),
       (19, 14, 2),
       (19, 40, 2),
       (19, 88, 2),
       (20, 15, 2),
       (20, 26, 2),
       (20, 46, 2),
       (21, 34, 2),
       (21, 64, 2),
       (21, 76, 2),
       (22, 53, 2),
       (22, 40, 2),
       (22, 70, 2),
       (23, 93, 2),
       (24, 44, 2),
       (24, 39, 2),
       (25, 89, 2),
       (26, 60, 2),
       (26, 36, 2),
       (27, 11, 2),
       (27, 67, 2),
       (28, 1, 2),
       (28, 37, 2),
       (28, 35, 2),
       (29, 20, 2),
       (29, 9, 2),
       (29, 76, 2),
       (30, 98, 2),
       (30, 25, 2),
       (30, 5, 2);

-- wishes

INSERT INTO wishes (user_id, product_id, category_id)

VALUES (16, 96, 2),
       (21, 96, 2),
       (5, 74, 2),
       (14, 51, 2),
       (2, 12, 2),
       (2, 54, 2),
       (5, 23, 2),
       (4, 69, 2),
       (27, 8, 2),
       (1, 90, 2),
       (26, 85, 2),
       (4, 28, 2),
       (9, 94, 2),
       (11, 75, 2),
       (27, 94, 2),
       (28, 74, 2),
       (26, 27, 2),
       (19, 38, 2),
       (27, 88, 2),
       (12, 30, 2),
       (4, 86, 2),
       (9, 22, 2),
       (14, 96, 2),
       (9, 97, 2),
       (24, 33, 2),
       (17, 50, 2),
       (9, 38, 2),
       (22, 49, 2),
       (18, 81, 2),
       (10, 32, 2),
       (2, 26, 2),
       (11, 4, 2),
       (2, 24, 2),
       (24, 66, 2),
       (7, 78, 2),
       (5, 41, 2),
       (26, 15, 2),
       (2, 65, 2),
       (5, 81, 2),
       (12, 9, 2),
       (23, 40, 2),
       (26, 88, 2),
       (29, 56, 2),
       (29, 33, 2),
       (30, 85, 2),
       (27, 51, 2),
       (14, 67, 2),
       (4, 13, 2),
       (22, 16, 2),
       (24, 19, 2);